{
    "$schema": "https://schema.management.azure.com/schemas/2015-01-01/deploymentParameters.json#",
    "contentVersion": "1.0.0.0",
    "parameters": {
        "tags": {
            "value": {
                "project": "CartManager",
                "business-Unit": "Aerodeveloper-Store",
                "cost-Center": "101010-CreditCollection",
                "organization": "Caltech-Simplilearn",
                "Expiration Date": "09-20-2022",
                "location": "West-Coast"
            }
        },
        "name": {
            "value": "cdnCartManagementGlobal"
        },
        "location": {
            "value": "Global"
        },
        "sku": {
            "value": {
                "name": "Standard_Microsoft"
            }
        },
        "properties": {
            "value": {}
        }
    }
}