{
    "$schema": "https://schema.management.azure.com/schemas/2015-01-01/deploymentTemplate.json#",
    "contentVersion": "1.0.0.0",
    "parameters": {
        "name": {
            "type": "string"
        },
        "location": {
            "type": "string"
        },
        "sku": {
            "type": "object"
        },
        "properties": {
            "type": "object"
        },
        "tags": {
            "type": "object",
            "defaultValue": {}
        }
    },
    "resources": [
        {
            "apiVersion": "2021-06-01",
            "name": "[parameters('name')]",
            "location": "[parameters('location')]",
            "sku": "[parameters('sku')]",
            "properties": "[parameters('properties')]",
            "type": "microsoft.cdn/profiles",
            "tags": "[parameters('tags')]"
        }
    ]
}