{
    "$schema": "https://schema.management.azure.com/schemas/2015-01-01/deploymentParameters.json#",
    "contentVersion": "1.0.0.0",
    "parameters": {
        "subscriptionId": {
            "value": "e84f9471-36de-40a0-9dd4-046e2637d47e"
        },
        "name": {
            "value": "cartmanager-eastus-aero"
        },
        "location": {
            "value": "East US"
        },
        "hostingPlanName": {
            "value": "ASP-rgCartManagementSecondary-a4f0"
        },
        "serverFarmResourceGroup": {
            "value": "rgCartManagementSecondary"
        },
        "alwaysOn": {
            "value": true
        },
        "ftpsState": {
            "value": "FtpsOnly"
        },
        "sku": {
            "value": "Standard"
        },
        "skuCode": {
            "value": "S1"
        },
        "workerSize": {
            "value": "0"
        },
        "workerSizeId": {
            "value": "0"
        },
        "numberOfWorkers": {
            "value": "1"
        },
        "linuxFxVersion": {
            "value": "PHP|8.0"
        }
    }
}