{
    "$schema": "http://schema.management.azure.com/schemas/2015-01-01/deploymentTemplate.json#",
    "contentVersion": "1.0.0.0",
    "parameters": {
        "subscriptionId": {
            "type": "String"
        },
        "name": {
            "type": "String"
        },
        "location": {
            "type": "String"
        },
        "hostingPlanName": {
            "type": "String"
        },
        "serverFarmResourceGroup": {
            "type": "String"
        },
        "alwaysOn": {
            "type": "Bool"
        },
        "ftpsState": {
            "type": "String"
        },
        "sku": {
            "type": "String"
        },
        "skuCode": {
            "type": "String"
        },
        "workerSize": {
            "type": "String"
        },
        "workerSizeId": {
            "type": "String"
        },
        "numberOfWorkers": {
            "type": "String"
        },
        "linuxFxVersion": {
            "type": "String"
        }
    },
    "variables": {},
    "resources": [
        {
            "type": "Microsoft.Web/sites",
            "apiVersion": "2018-11-01",
            "name": "[parameters('name')]",
            "location": "[parameters('location')]",
            "dependsOn": [
                "[concat('Microsoft.Web/serverfarms/', parameters('hostingPlanName'))]"
            ],
            "tags": {
                "business-Unit": "Aerodeveloper-Store",
                "cost-Center": "101010-CreditCollection",
                "Data Classification": "PCI-DSS",
                "environment": "Development",
                "Expiration Date": "09-20-2022",
                "location": "East-Coast",
                "organization": "Caltech-Simplilearn",
                "project": "CartManager"
            },
            "properties": {
                "name": "[parameters('name')]",
                "siteConfig": {
                    "appSettings": [],
                    "linuxFxVersion": "[parameters('linuxFxVersion')]",
                    "alwaysOn": "[parameters('alwaysOn')]",
                    "ftpsState": "[parameters('ftpsState')]"
                },
                "serverFarmId": "[concat('/subscriptions/', parameters('subscriptionId'),'/resourcegroups/', parameters('serverFarmResourceGroup'), '/providers/Microsoft.Web/serverfarms/', parameters('hostingPlanName'))]",
                "clientAffinityEnabled": false,
                "virtualNetworkSubnetId": null,
                "httpsOnly": true
            }
        },
        {
            "type": "Microsoft.Web/serverfarms",
            "apiVersion": "2018-11-01",
            "name": "[parameters('hostingPlanName')]",
            "location": "[parameters('location')]",
            "dependsOn": [],
            "tags": {
                "business-Unit": "Aerodeveloper-Store",
                "cost-Center": "101010-CreditCollection",
                "Data Classification": "PCI-DSS",
                "environment": "Development",
                "Expiration Date": "09-20-2022",
                "location": "East-Coast",
                "organization": "Caltech-Simplilearn",
                "project": "CartManager"
            },
            "sku": {
                "Tier": "[parameters('sku')]",
                "Name": "[parameters('skuCode')]"
            },
            "kind": "linux",
            "properties": {
                "name": "[parameters('hostingPlanName')]",
                "workerSize": "[parameters('workerSize')]",
                "workerSizeId": "[parameters('workerSizeId')]",
                "numberOfWorkers": "[parameters('numberOfWorkers')]",
                "reserved": true,
                "zoneRedundant": false
            }
        }
    ]
}