{
    "$schema": "https://schema.management.azure.com/schemas/2015-01-01/deploymentParameters.json#",
    "contentVersion": "1.0.0.0",
    "parameters": {
        "serverName": {
            "value": "cartdb-aerodev"
        },
        "location": {
            "value": "westus"
        },
        "serverEdition": {
            "value": "MemoryOptimized"
        },
        "vCores": {
            "value": 2
        },
        "storageSizeGB": {
            "value": 64
        },
        "haEnabled": {
            "value": "SameZone"
        },
        "firewallRules": {
            "value": {
                "rules": []
            }
        },
        "vnetData": {
            "value": {
                "isLoading": false,
                "virtualNetworkName": "rgCartManagement-vnet",
                "virtualNetworkId": "/subscriptions/e84f9471-36de-40a0-9dd4-046e2637d47e/resourceGroups/rgCartManagement/providers/Microsoft.Network/virtualNetworks/rgCartManagement-vnet",
                "subnetName": "default",
                "virtualNetworkSubscriptionName": "Azure subscription 1",
                "virtualNetworkAddressPrefix": "10.0.0.0/24",
                "virtualNetworkResourceGroupName": "rgCartManagement",
                "location": "westus",
                "subscriptionId": "e84f9471-36de-40a0-9dd4-046e2637d47e",
                "subnetProperties": {
                    "addressPrefix": "10.0.0.0/24",
                    "delegations": [
                        {
                            "name": "dlg-Microsoft.DBforMySQL-flexibleServers",
                            "properties": {
                                "serviceName": "Microsoft.DBforMySQL/flexibleServers"
                            }
                        }
                    ]
                },
                "subnetNeedsUpdate": false,
                "isNewVnet": true,
                "delegatedSubnetArguments": {
                    "SubnetArmResourceId": "/subscriptions/e84f9471-36de-40a0-9dd4-046e2637d47e/resourceGroups/rgCartManagement/providers/Microsoft.Network/virtualNetworks/rgCartManagement-vnet/subnets/default"
                },
                "usePrivateDnsZone": true,
                "isNewPrivateDnsZone": true,
                "privateDnsResourceGroup": "rgCartManagement",
                "privateDnsSubscriptionId": "e84f9471-36de-40a0-9dd4-046e2637d47e",
                "privateDnsZoneName": "cartdb-aerodev.private.mysql.database.azure.com",
                "privateDnsZoneSubscription": "Azure subscription 1",
                "privateDnsZoneArguments": {
                    "PrivateDnsZoneArmResourceId": "/subscriptions/e84f9471-36de-40a0-9dd4-046e2637d47e/resourceGroups/rgCartManagement/providers/Microsoft.Network/privateDnsZones/cartdb-aerodev.private.mysql.database.azure.com"
                },
                "linkVirtualNetwork": true,
                "Network": {
                    "DelegatedSubnetResourceId": "/subscriptions/e84f9471-36de-40a0-9dd4-046e2637d47e/resourceGroups/rgCartManagement/providers/Microsoft.Network/virtualNetworks/rgCartManagement-vnet/subnets/default",
                    "PrivateDnsZoneResourceId": "/subscriptions/e84f9471-36de-40a0-9dd4-046e2637d47e/resourceGroups/rgCartManagement/providers/Microsoft.Network/privateDnsZones/cartdb-aerodev.private.mysql.database.azure.com",
                    "PrivateDnsZoneArmResourceId": "/subscriptions/e84f9471-36de-40a0-9dd4-046e2637d47e/resourceGroups/rgCartManagement/providers/Microsoft.Network/privateDnsZones/cartdb-aerodev.private.mysql.database.azure.com"
                }
            }
        },
        "backupRetentionDays": {
            "value": 30
        },
        "geoRedundantBackup": {
            "value": "Enabled"
        },
        "availabilityZone": {
            "value": ""
        },
        "vmName": {
            "value": "Standard_E2ds_v4"
        },
        "storageIops": {
            "value": 1344
        },
        "storageAutogrow": {
            "value": "Enabled"
        },
        "standbyAvailabilityZone": {
            "value": ""
        },
        "virtualNetworkDeploymentName": {
            "value": "virtualNetwork_20220917T071435205Z"
        },
        "virtualNetworkLinkDeploymentName": {
            "value": "virtualNetworkLink_20220917T071435205Z"
        },
        "privateDnsZoneDeploymentName": {
            "value": "privateDnsZone_20220917T071435205Z"
        },
        "tags": {
            "value": {
                "business-Unit": "Aerodeveloper-Store",
                "cost-Center": "101010-CreditCollection",
                "Data Classification": "PCI-DSS",
                "environment": "Development",
                "Expiration Date": "09-20-2022",
                "location": "West-Coast",
                "organization": "Caltech-Simplilearn"
            }
        },
        "administratorLogin": {
            "value": "mysqladmin"
        },
        "administratorLoginPassword": {
            "value": null
        },
        "version": {
            "value": "5.7"
        }
    }
}