{
    "$schema": "https://schema.management.azure.com/schemas/2015-01-01/deploymentParameters.json#",
    "contentVersion": "1.0.0.0",
    "parameters": {
        "location": {
            "value": "westus2"
        },
        "networkInterfaceName": {
            "value": "vmmanagement01214"
        },
        "enableAcceleratedNetworking": {
            "value": true
        },
        "networkSecurityGroupName": {
            "value": "vmManagement01-nsg"
        },
        "networkSecurityGroupRules": {
            "value": [
                {
                    "name": "RDP",
                    "properties": {
                        "priority": 300,
                        "protocol": "TCP",
                        "access": "Allow",
                        "direction": "Inbound",
                        "sourceAddressPrefix": "*",
                        "sourcePortRange": "*",
                        "destinationAddressPrefix": "*",
                        "destinationPortRange": "3389"
                    }
                }
            ]
        },
        "subnetName": {
            "value": "default"
        },
        "virtualNetworkId": {
            "value": "/subscriptions/e84f9471-36de-40a0-9dd4-046e2637d47e/resourceGroups/rgCartManagement/providers/Microsoft.Network/virtualNetworks/vnetCartManWest"
        },
        "publicIpAddressName": {
            "value": "vmManagement01-ip"
        },
        "publicIpAddressType": {
            "value": "Static"
        },
        "publicIpAddressSku": {
            "value": "Standard"
        },
        "pipDeleteOption": {
            "value": "Detach"
        },
        "virtualMachineName": {
            "value": "vmManagement01"
        },
        "virtualMachineComputerName": {
            "value": "vmManagement01"
        },
        "virtualMachineRG": {
            "value": "rgCartManagent-IAAS"
        },
        "osDiskType": {
            "value": "Premium_LRS"
        },
        "osDiskDeleteOption": {
            "value": "Delete"
        },
        "virtualMachineSize": {
            "value": "Standard_DS1_v2"
        },
        "nicDeleteOption": {
            "value": "Detach"
        },
        "adminUsername": {
            "value": "AdminMGMT"
        },
        "adminPassword": {
            "value": null
        },
        "patchMode": {
            "value": "AutomaticByOS"
        },
        "enableHotpatching": {
            "value": false
        },
        "autoShutdownStatus": {
            "value": "Enabled"
        },
        "autoShutdownTime": {
            "value": "23:00"
        },
        "autoShutdownTimeZone": {
            "value": "Pacific Standard Time"
        },
        "autoShutdownNotificationStatus": {
            "value": "Enabled"
        },
        "autoShutdownNotificationLocale": {
            "value": "en"
        },
        "autoShutdownNotificationEmail": {
            "value": "aerodeveloper@outlook.com"
        },
        "backupVaultName": {
            "value": "defaultVault"
        },
        "backupFabricName": {
            "value": "Azure"
        },
        "backupVaultRGName": {
            "value": "rgCartManagent-IAAS"
        },
        "backupVaultRGIsNew": {
            "value": true
        },
        "backupPolicyName": {
            "value": "EnhancedPolicy-l82okucx"
        },
        "backupPolicySchedule": {
            "value": {
                "schedulePolicyType": "SimpleSchedulePolicyV2",
                "scheduleRunFrequency": "Hourly",
                "hourlySchedule": {
                    "interval": 4,
                    "scheduleWindowStartTime": "2021-07-26T08:00:00Z",
                    "scheduleWindowDuration": 12
                }
            }
        },
        "backupPolicyRetention": {
            "value": {
                "retentionPolicyType": "LongTermRetentionPolicy",
                "dailySchedule": {
                    "retentionTimes": [
                        "2022-09-15T22:00:00.000Z"
                    ],
                    "retentionDuration": {
                        "count": 30,
                        "durationType": "Days"
                    }
                },
                "weeklySchedule": null,
                "monthlySchedule": null,
                "yearlySchedule": null
            }
        },
        "backupPolicyTimeZone": {
            "value": "UTC"
        },
        "backupInstantRpRetentionRangeInDays": {
            "value": 7
        },
        "backupInstantRPDetails": {
            "value": {
                "azureBackupRGNamePrefix": "",
                "azureBackupRGNameSuffix": ""
            }
        },
        "backupItemName": {
            "value": "vm;iaasvmcontainerv2;rgCartManagent-IAAS;vmManagement01"
        }
    }
}