{
    "$schema": "http://schema.management.azure.com/schemas/2015-01-01/deploymentTemplate.json#",
    "contentVersion": "1.0.0.0",
    "parameters": {
        "location": {
            "type": "string"
        },
        "networkInterfaceName": {
            "type": "string"
        },
        "enableAcceleratedNetworking": {
            "type": "bool"
        },
        "networkSecurityGroupName": {
            "type": "string"
        },
        "networkSecurityGroupRules": {
            "type": "array"
        },
        "subnetName": {
            "type": "string"
        },
        "virtualNetworkId": {
            "type": "string"
        },
        "publicIpAddressName": {
            "type": "string"
        },
        "publicIpAddressType": {
            "type": "string"
        },
        "publicIpAddressSku": {
            "type": "string"
        },
        "pipDeleteOption": {
            "type": "string"
        },
        "virtualMachineName": {
            "type": "string"
        },
        "virtualMachineComputerName": {
            "type": "string"
        },
        "virtualMachineRG": {
            "type": "string"
        },
        "osDiskType": {
            "type": "string"
        },
        "osDiskDeleteOption": {
            "type": "string"
        },
        "virtualMachineSize": {
            "type": "string"
        },
        "nicDeleteOption": {
            "type": "string"
        },
        "adminUsername": {
            "type": "string"
        },
        "adminPassword": {
            "type": "secureString"
        },
        "patchMode": {
            "type": "string"
        },
        "enableHotpatching": {
            "type": "bool"
        },
        "autoShutdownStatus": {
            "type": "string"
        },
        "autoShutdownTime": {
            "type": "string"
        },
        "autoShutdownTimeZone": {
            "type": "string"
        },
        "autoShutdownNotificationStatus": {
            "type": "string"
        },
        "autoShutdownNotificationLocale": {
            "type": "string"
        },
        "autoShutdownNotificationEmail": {
            "type": "string"
        },
        "backupVaultName": {
            "type": "string"
        },
        "backupFabricName": {
            "type": "string"
        },
        "backupVaultRGName": {
            "type": "string"
        },
        "backupVaultRGIsNew": {
            "type": "bool"
        },
        "backupPolicyName": {
            "type": "string"
        },
        "backupPolicySchedule": {
            "type": "object"
        },
        "backupPolicyRetention": {
            "type": "object"
        },
        "backupPolicyTimeZone": {
            "type": "string"
        },
        "backupInstantRpRetentionRangeInDays": {
            "type": "int"
        },
        "backupInstantRPDetails": {
            "type": "object"
        },
        "backupItemName": {
            "type": "string"
        }
    },
    "variables": {
        "nsgId": "[resourceId(resourceGroup().name, 'Microsoft.Network/networkSecurityGroups', parameters('networkSecurityGroupName'))]",
        "vnetId": "[parameters('virtualNetworkId')]",
        "vnetName": "[last(split(variables('vnetId'), '/'))]",
        "subnetRef": "[concat(variables('vnetId'), '/subnets/', parameters('subnetName'))]",
        "aadLoginExtensionName": "AADLoginForWindows"
    },
    "resources": [
        {
            "name": "[parameters('networkInterfaceName')]",
            "type": "Microsoft.Network/networkInterfaces",
            "apiVersion": "2021-03-01",
            "location": "[parameters('location')]",
            "dependsOn": [
                "[concat('Microsoft.Network/networkSecurityGroups/', parameters('networkSecurityGroupName'))]",
                "[concat('Microsoft.Network/publicIpAddresses/', parameters('publicIpAddressName'))]"
            ],
            "properties": {
                "ipConfigurations": [
                    {
                        "name": "ipconfig1",
                        "properties": {
                            "subnet": {
                                "id": "[variables('subnetRef')]"
                            },
                            "privateIPAllocationMethod": "Dynamic",
                            "publicIpAddress": {
                                "id": "[resourceId(resourceGroup().name, 'Microsoft.Network/publicIpAddresses', parameters('publicIpAddressName'))]",
                                "properties": {
                                    "deleteOption": "[parameters('pipDeleteOption')]"
                                }
                            }
                        }
                    }
                ],
                "enableAcceleratedNetworking": "[parameters('enableAcceleratedNetworking')]",
                "networkSecurityGroup": {
                    "id": "[variables('nsgId')]"
                }
            },
            "tags": {
                "business-Unit": "Aerodeveloper-Store",
                "cost-Center": "101010-CreditCollection",
                "Data Classification": "PCI-DSS",
                "environment": "Development",
                "location": "West-Coast",
                "organization": "Caltech-Simplilearn",
                "project": "CartManager",
                "Expiration Date": "09-20-2022"
            }
        },
        {
            "name": "[parameters('networkSecurityGroupName')]",
            "type": "Microsoft.Network/networkSecurityGroups",
            "apiVersion": "2019-02-01",
            "location": "[parameters('location')]",
            "properties": {
                "securityRules": "[parameters('networkSecurityGroupRules')]"
            },
            "tags": {
                "business-Unit": "Aerodeveloper-Store",
                "cost-Center": "101010-CreditCollection",
                "Data Classification": "PCI-DSS",
                "environment": "Development",
                "location": "West-Coast",
                "organization": "Caltech-Simplilearn",
                "project": "CartManager",
                "Expiration Date": "09-20-2022"
            }
        },
        {
            "name": "[parameters('publicIpAddressName')]",
            "type": "Microsoft.Network/publicIpAddresses",
            "apiVersion": "2020-08-01",
            "location": "[parameters('location')]",
            "properties": {
                "publicIpAllocationMethod": "[parameters('publicIpAddressType')]"
            },
            "sku": {
                "name": "[parameters('publicIpAddressSku')]"
            },
            "tags": {
                "business-Unit": "Aerodeveloper-Store",
                "cost-Center": "101010-CreditCollection",
                "Data Classification": "PCI-DSS",
                "environment": "Development",
                "location": "West-Coast",
                "organization": "Caltech-Simplilearn",
                "project": "CartManager",
                "Expiration Date": "09-20-2022"
            }
        },
        {
            "name": "[parameters('virtualMachineName')]",
            "type": "Microsoft.Compute/virtualMachines",
            "apiVersion": "2021-07-01",
            "location": "[parameters('location')]",
            "dependsOn": [
                "[concat('Microsoft.Network/networkInterfaces/', parameters('networkInterfaceName'))]"
            ],
            "properties": {
                "hardwareProfile": {
                    "vmSize": "[parameters('virtualMachineSize')]"
                },
                "storageProfile": {
                    "osDisk": {
                        "createOption": "fromImage",
                        "managedDisk": {
                            "storageAccountType": "[parameters('osDiskType')]"
                        },
                        "deleteOption": "[parameters('osDiskDeleteOption')]"
                    },
                    "imageReference": {
                        "publisher": "MicrosoftWindowsServer",
                        "offer": "WindowsServer",
                        "sku": "2019-datacenter-gensecond",
                        "version": "latest"
                    }
                },
                "networkProfile": {
                    "networkInterfaces": [
                        {
                            "id": "[resourceId('Microsoft.Network/networkInterfaces', parameters('networkInterfaceName'))]",
                            "properties": {
                                "deleteOption": "[parameters('nicDeleteOption')]"
                            }
                        }
                    ]
                },
                "osProfile": {
                    "computerName": "[parameters('virtualMachineComputerName')]",
                    "adminUsername": "[parameters('adminUsername')]",
                    "adminPassword": "[parameters('adminPassword')]",
                    "windowsConfiguration": {
                        "enableAutomaticUpdates": true,
                        "provisionVmAgent": true,
                        "patchSettings": {
                            "enableHotpatching": "[parameters('enableHotpatching')]",
                            "patchMode": "[parameters('patchMode')]"
                        }
                    }
                },
                "priority": "Spot",
                "evictionPolicy": "Deallocate",
                "billingProfile": {
                    "maxPrice": -1
                },
                "diagnosticsProfile": {
                    "bootDiagnostics": {
                        "enabled": true
                    }
                }
            },
            "identity": {
                "type": "systemAssigned"
            },
            "tags": {
                "business-Unit": "Aerodeveloper-Store",
                "cost-Center": "101010-CreditCollection",
                "Data Classification": "PCI-DSS",
                "environment": "Development",
                "location": "West-Coast",
                "organization": "Caltech-Simplilearn",
                "project": "CartManager",
                "Expiration Date": "09-20-2022"
            }
        },
        {
            "name": "[concat('shutdown-computevm-', parameters('virtualMachineName'))]",
            "type": "Microsoft.DevTestLab/schedules",
            "apiVersion": "2018-09-15",
            "location": "[parameters('location')]",
            "dependsOn": [
                "[concat('Microsoft.Compute/virtualMachines/', parameters('virtualMachineName'))]"
            ],
            "properties": {
                "status": "[parameters('autoShutdownStatus')]",
                "taskType": "ComputeVmShutdownTask",
                "dailyRecurrence": {
                    "time": "[parameters('autoShutdownTime')]"
                },
                "timeZoneId": "[parameters('autoShutdownTimeZone')]",
                "targetResourceId": "[resourceId('Microsoft.Compute/virtualMachines', parameters('virtualMachineName'))]",
                "notificationSettings": {
                    "status": "[parameters('autoShutdownNotificationStatus')]",
                    "notificationLocale": "[parameters('autoShutdownNotificationLocale')]",
                    "timeInMinutes": "30",
                    "emailRecipient": "[parameters('autoShutdownNotificationEmail')]"
                }
            },
            "tags": {
                "business-Unit": "Aerodeveloper-Store",
                "cost-Center": "101010-CreditCollection",
                "Data Classification": "PCI-DSS",
                "environment": "Development",
                "location": "West-Coast",
                "organization": "Caltech-Simplilearn",
                "project": "CartManager",
                "Expiration Date": "09-20-2022"
            }
        },
        {
            "apiVersion": "2017-05-10",
            "name": "BackupVaultAndOrPolicy-defaultVault-EnhancedPolicy-l82okucx",
            "type": "Microsoft.Resources/deployments",
            "resourceGroup": "[parameters('backupVaultRGName')]",
            "properties": {
                "mode": "Incremental",
                "template": {
                    "$schema": "https://schema.management.azure.com/schemas/2015-01-01/deploymentTemplate.json#",
                    "contentVersion": "1.0.0.0",
                    "resources": [
                        {
                            "name": "[parameters('backupVaultName')]",
                            "type": "Microsoft.RecoveryServices/vaults",
                            "apiVersion": "2016-06-01",
                            "location": "[parameters('location')]",
                            "sku": {
                                "name": "RS0",
                                "tier": "Standard"
                            },
                            "properties": {},
                            "dependsOn": [],
                            "tags": {
                                "business-Unit": "Aerodeveloper-Store",
                                "cost-Center": "101010-CreditCollection",
                                "Data Classification": "PCI-DSS",
                                "environment": "Development",
                                "location": "West-Coast",
                                "organization": "Caltech-Simplilearn",
                                "project": "CartManager",
                                "Expiration Date": "09-20-2022"
                            }
                        },
                        {
                            "name": "[concat(parameters('backupVaultName'), '/', parameters('backupPolicyName'))]",
                            "apiVersion": "2017-07-01",
                            "type": "Microsoft.RecoveryServices/vaults/backupPolicies",
                            "properties": {
                                "backupManagementType": "AzureIaasVM",
                                "policyType": "V2",
                                "schedulePolicy": "[parameters('backupPolicySchedule')]",
                                "retentionPolicy": "[parameters('backupPolicyRetention')]",
                                "timeZone": "[parameters('backupPolicyTimeZone')]",
                                "instantRpRetentionRangeInDays": "[parameters('backupInstantRpRetentionRangeInDays')]",
                                "instantRPDetails": "[parameters('backupInstantRPDetails')]"
                            },
                            "dependsOn": [
                                "[resourceId(parameters('backupVaultRGName'), 'Microsoft.RecoveryServices/vaults', parameters('backupVaultName'))]"
                            ]
                        }
                    ]
                }
            }
        },
        {
            "apiVersion": "2017-05-10",
            "name": "[concat(parameters('virtualMachineName'), '-' , 'BackupIntent')]",
            "type": "Microsoft.Resources/deployments",
            "resourceGroup": "[parameters('backupVaultRGName')]",
            "properties": {
                "mode": "Incremental",
                "template": {
                    "$schema": "https://schema.management.azure.com/schemas/2015-01-01/deploymentTemplate.json#",
                    "contentVersion": "1.0.0.0",
                    "resources": [
                        {
                            "name": "[concat(parameters('backupVaultName'), '/', parameters('backupFabricName'), '/', parameters('backupItemName'))]",
                            "apiVersion": "2017-07-01",
                            "type": "Microsoft.RecoveryServices/vaults/backupFabrics/backupProtectionIntent",
                            "properties": {
                                "friendlyName": "[concat(parameters('virtualMachineName'), 'BackupIntent')]",
                                "protectionIntentItemType": "AzureResourceItem",
                                "policyId": "[resourceId(parameters('backupVaultRGName'), 'Microsoft.RecoveryServices/vaults/backupPolicies', parameters('backupVaultName'), parameters('backupPolicyName'))]",
                                "sourceResourceId": "[resourceId(parameters('virtualMachineRG'), 'Microsoft.Compute/virtualMachines', parameters('virtualMachineName'))]"
                            }
                        }
                    ]
                }
            },
            "dependsOn": [
                "[resourceId(parameters('virtualMachineRG'), 'Microsoft.Compute/virtualMachines', parameters('virtualMachineName'))]",
                "[concat('Microsoft.Resources/deployments', '/', 'BackupVaultAndOrPolicy-defaultVault-EnhancedPolicy-l82okucx')]"
            ]
        },
        {
            "name": "[concat(parameters('virtualMachineName'),'/', variables('aadLoginExtensionName'))]",
            "type": "Microsoft.Compute/virtualMachines/extensions",
            "apiVersion": "2018-10-01",
            "location": "[parameters('location')]",
            "properties": {
                "publisher": "Microsoft.Azure.ActiveDirectory",
                "type": "[variables('aadLoginExtensionName')]",
                "typeHandlerVersion": "1.0",
                "autoUpgradeMinorVersion": true,
                "settings": {
                    "mdmId": ""
                }
            },
            "tags": {
                "business-Unit": "Aerodeveloper-Store",
                "cost-Center": "101010-CreditCollection",
                "Data Classification": "PCI-DSS",
                "environment": "Development",
                "location": "West-Coast",
                "organization": "Caltech-Simplilearn",
                "project": "CartManager",
                "Expiration Date": "09-20-2022"
            },
            "dependsOn": [
                "[concat('Microsoft.Compute/virtualMachines/', parameters('virtualMachineName'))]"
            ]
        }
    ],
    "outputs": {
        "adminUsername": {
            "type": "string",
            "value": "[parameters('adminUsername')]"
        }
    }
}